{
  "nodes": [
    {
  "id": "8052242896022505472",
  "startTime": 22280640,
  "endTime": 22280640,
  "type": "source-Depot",
  "fromLocation": "CHI",
  "toLocation": "CHI",
  "requiredSkills": []
},
    {
  "id": "5076749235143334912",
  "startTime": 153722867280912,
  "endTime": 153722867280912,
  "type": "target-Depot",
  "fromLocation": "CHI",
  "toLocation": "CHI",
  "requiredSkills": []
},
    {
  "id": "Q728432_0_699790666",
  "startTime": 22281330,
  "endTime": 22281358,
  "type": "Train",
  "fromLocation": "CHI",
  "toLocation": "LG",
  "requiredSkills": [
    "RABDe 502 (FV Dosto) Zugbegleitung",
    "K",
    "Italienisch"
  ]
},
    {
  "id": "Q728432_0_699791874",
  "startTime": 22281545,
  "endTime": 22281568,
  "type": "Train",
  "fromLocation": "CHI",
  "toLocation": "LG",
  "requiredSkills": [
    "K",
    "Italienisch",
    "RABe 501 (Giruno) Zugbegleitung"
  ]
},
    {
  "id": "Q728432_0_699791512",
  "startTime": 22281358,
  "endTime": 22281376,
  "type": "Attendance+Train",
  "fromLocation": "LG",
  "toLocation": "BEL",
  "requiredSkills": [
    "RABDe 502 (FV Dosto) Zugbegleitung",
    "Italienisch",
    "K",
    "CBT Zugbegleitung"
  ]
},
    {
  "id": "Q728432_0_699792772",
  "startTime": 22281376,
  "endTime": 22281461,
  "type": "Attendance+Train",
  "fromLocation": "BEL",
  "toLocation": "LZ",
  "requiredSkills": [
    "Deutsch",
    "RABDe 502 (FV Dosto) Zugbegleitung",
    "GBT Zugbegleitung",
    "Italienisch",
    "K"
  ]
},
    {
  "id": "Q728432_0_699148924",
  "startTime": 22281461,
  "endTime": 22281536,
  "type": "Attendance+Train",
  "fromLocation": "LZ",
  "toLocation": "BS",
  "requiredSkills": [
    "Deutsch",
    "RABDe 502 (FV Dosto) Zugbegleitung",
    "K"
  ]
},
    {
  "id": "Q728432_0_699149818",
  "startTime": 22281568,
  "endTime": 22281586,
  "type": "Attendance+Train",
  "fromLocation": "LG",
  "toLocation": "BEL",
  "requiredSkills": [
    "RABe 501 (Giruno) Zugbegleitung",
    "Italienisch",
    "K",
    "CBT Zugbegleitung"
  ]
},
    {
  "id": "Q728432_0_699790217",
  "startTime": 22281673,
  "endTime": 22281792,
  "type": "Attendance+Train",
  "fromLocation": "ZUE",
  "toLocation": "BEL",
  "requiredSkills": [
    "Deutsch",
    "RABe 501 (Giruno) Zugbegleitung",
    "GBT Zugbegleitung",
    "Italienisch",
    "K"
  ]
},
    {
  "id": "Q728432_0_699790513",
  "startTime": 22281792,
  "endTime": 22281808,
  "type": "Attendance+Train",
  "fromLocation": "BEL",
  "toLocation": "LG",
  "requiredSkills": [
    "RABe 501 (Giruno) Zugbegleitung",
    "Italienisch",
    "K",
    "CBT Zugbegleitung"
  ]
},
    {
  "id": "Q728432_0_699791889",
  "startTime": 22281808,
  "endTime": 22281835,
  "type": "Attendance+Train",
  "fromLocation": "LG",
  "toLocation": "CHI",
  "requiredSkills": [
    "RABe 501 (Giruno) Zugbegleitung",
    "Italienisch",
    "K"
  ]
},
    {
  "id": "Q728432_0_699791001",
  "startTime": 22281747,
  "endTime": 22281912,
  "type": "Attendance+Train",
  "fromLocation": "ZUE",
  "toLocation": "BEL",
  "requiredSkills": [
    "Deutsch",
    "RABe 501 (Giruno) Zugbegleitung",
    "GBT Zugbegleitung",
    "Italienisch",
    "K"
  ]
},
    {
  "id": "Q728432_0_699791373",
  "startTime": 22281928,
  "endTime": 22281955,
  "type": "Attendance+Train",
  "fromLocation": "LG",
  "toLocation": "CHI",
  "requiredSkills": [
    "RABe 501 (Giruno) Zugbegleitung",
    "Italienisch",
    "K"
  ]
},
    {
  "id": "Q728432_0_699149218",
  "startTime": 22281606,
  "endTime": 22281665,
  "type": "Attendance+Train",
  "fromLocation": "BS",
  "toLocation": "ZUE",
  "requiredSkills": [
    "Deutsch",
    "RABe 501 (Giruno) Zugbegleitung",
    "K"
  ]
},
    {
  "id": "Q728432_0_699792041",
  "startTime": 22281586,
  "endTime": 22281692,
  "type": "Attendance+Train",
  "fromLocation": "BEL",
  "toLocation": "ZUE",
  "requiredSkills": [
    "Deutsch",
    "RABe 501 (Giruno) Zugbegleitung",
    "GBT Zugbegleitung",
    "Italienisch",
    "K"
  ]
}
  ],
  "groups": [
    {
  "id": "CHI~Gruppe 1~Kondukteur",
  "skills": [
    "Italienisch",
    "RABe 501 (Giruno) Zugbegleitung",
    "RABDe 500 (ICN) Zugbegleitung",
    "ETR 610 Zugbegleitung",
    "IC 2000 Zugbegleitung",
    "GBT Zugbegleitung",
    "Z",
    "K",
    "Italienisch",
    "Deutsch",
    "Domino Zugbegleitung",
    "RV Triebz�ge Zugbegleitung",
    "RABDe 502 (FV Dosto) Zugbegleitung",
    "Z-Triebz�ge",
    "CBT Zugbegleitung",
    "IC Bt Zugbegleitung",
    "IsRequirementZbasic",
    "K"
  ],
  "startNodeId": "8052242896022505472",
  "endNodeId": "5076749235143334912"
}
  ],
  "arcs": [
    {
  "sourceNodeId": "8052242896022505472",
  "targetNodeId": "Q728432_0_699790666",
  "duration": 9,
  "isBreakPossible": false
},
    {
  "sourceNodeId": "8052242896022505472",
  "targetNodeId": "Q728432_0_699791874",
  "duration": 9,
  "isBreakPossible": false
},
    {
  "sourceNodeId": "8052242896022505472",
  "targetNodeId": "Q728432_0_699791512",
  "duration": 37,
  "isBreakPossible": false
},
    {
  "sourceNodeId": "8052242896022505472",
  "targetNodeId": "Q728432_0_699792772",
  "duration": 55,
  "isBreakPossible": false
},
    {
  "sourceNodeId": "8052242896022505472",
  "targetNodeId": "Q728432_0_699148924",
  "duration": 140,
  "isBreakPossible": false
},
    {
  "sourceNodeId": "8052242896022505472",
  "targetNodeId": "Q728432_0_699149818",
  "duration": 32,
  "isBreakPossible": false
},
    {
  "sourceNodeId": "8052242896022505472",
  "targetNodeId": "Q728432_0_699790513",
  "duration": 54,
  "isBreakPossible": false
},
    {
  "sourceNodeId": "8052242896022505472",
  "targetNodeId": "Q728432_0_699791889",
  "duration": 38,
  "isBreakPossible": false
},
    {
  "sourceNodeId": "8052242896022505472",
  "targetNodeId": "Q728432_0_699792041",
  "duration": 50,
  "isBreakPossible": false
},
    {
  "sourceNodeId": "Q728432_0_699790666",
  "targetNodeId": "Q728432_0_699791874",
  "duration": 187,
  "isBreakPossible": true
},
    {
  "sourceNodeId": "Q728432_0_699791874",
  "targetNodeId": "5076749235143334912",
  "duration": 62,
  "isBreakPossible": false
},
    {
  "sourceNodeId": "Q728432_0_699790666",
  "targetNodeId": "Q728432_0_699791512",
  "duration": 0,
  "isBreakPossible": false
},
    {
  "sourceNodeId": "Q728432_0_699790666",
  "targetNodeId": "Q728432_0_699792772",
  "duration": 16,
  "isBreakPossible": false
},
    {
  "sourceNodeId": "Q728432_0_699790666",
  "targetNodeId": "Q728432_0_699148924",
  "duration": 101,
  "isBreakPossible": false
},
    {
  "sourceNodeId": "Q728432_0_699790666",
  "targetNodeId": "Q728432_0_699149818",
  "duration": 210,
  "isBreakPossible": true
},
    {
  "sourceNodeId": "Q728432_0_699791874",
  "targetNodeId": "Q728432_0_699790513",
  "duration": 224,
  "isBreakPossible": true
},
    {
  "sourceNodeId": "Q728432_0_699791874",
  "targetNodeId": "Q728432_0_699791889",
  "duration": 240,
  "isBreakPossible": true
},
    {
  "sourceNodeId": "Q728432_0_699791874",
  "targetNodeId": "Q728432_0_699792041",
  "duration": 16,
  "isBreakPossible": false
},
    {
  "sourceNodeId": "Q728432_0_699791512",
  "targetNodeId": "Q728432_0_699791874",
  "duration": 169,
  "isBreakPossible": true
},
    {
  "sourceNodeId": "Q728432_0_699791512",
  "targetNodeId": "Q728432_0_699792772",
  "duration": 0,
  "isBreakPossible": false
},
    {
  "sourceNodeId": "Q728432_0_699791512",
  "targetNodeId": "Q728432_0_699148924",
  "duration": 84,
  "isBreakPossible": false
},
    {
  "sourceNodeId": "Q728432_0_699791512",
  "targetNodeId": "Q728432_0_699149818",
  "duration": 192,
  "isBreakPossible": true
},
    {
  "sourceNodeId": "Q728432_0_699792772",
  "targetNodeId": "Q728432_0_699148924",
  "duration": 0,
  "isBreakPossible": false
},
    {
  "sourceNodeId": "Q728432_0_699792772",
  "targetNodeId": "Q728432_0_699790217",
  "duration": 212,
  "isBreakPossible": true
},
    {
  "sourceNodeId": "Q728432_0_699790217",
  "targetNodeId": "5076749235143334912",
  "duration": 78,
  "isBreakPossible": false
},
    {
  "sourceNodeId": "Q728432_0_699148924",
  "targetNodeId": "Q728432_0_699790217",
  "duration": 131,
  "isBreakPossible": true
},
    {
  "sourceNodeId": "Q728432_0_699148924",
  "targetNodeId": "Q728432_0_699149218",
  "duration": 70,
  "isBreakPossible": true
},
    {
  "sourceNodeId": "Q728432_0_699149218",
  "targetNodeId": "5076749235143334912",
  "duration": 174,
  "isBreakPossible": false
},
    {
  "sourceNodeId": "Q728432_0_699149818",
  "targetNodeId": "Q728432_0_699790513",
  "duration": 206,
  "isBreakPossible": true
},
    {
  "sourceNodeId": "Q728432_0_699149818",
  "targetNodeId": "Q728432_0_699791889",
  "duration": 222,
  "isBreakPossible": true
},
    {
  "sourceNodeId": "Q728432_0_699149818",
  "targetNodeId": "Q728432_0_699792041",
  "duration": 0,
  "isBreakPossible": false
},
    {
  "sourceNodeId": "Q728432_0_699790513",
  "targetNodeId": "Q728432_0_699791373",
  "duration": 120,
  "isBreakPossible": true
},
    {
  "sourceNodeId": "Q728432_0_699791889",
  "targetNodeId": "Q728432_0_699791373",
  "duration": 93,
  "isBreakPossible": true
},
    {
  "sourceNodeId": "Q728432_0_699792041",
  "targetNodeId": "Q728432_0_699791001",
  "duration": 55,
  "isBreakPossible": true
},
    {
  "sourceNodeId": "Q728432_0_699791001",
  "targetNodeId": "5076749235143334912",
  "duration": 78,
  "isBreakPossible": false
},
    {
  "sourceNodeId": "Q728432_0_699792041",
  "targetNodeId": "Q728432_0_699791373",
  "duration": 176,
  "isBreakPossible": true
},
    {
  "sourceNodeId": "Q728432_0_699791874",
  "targetNodeId": "Q728432_0_699149818",
  "duration": 0,
  "isBreakPossible": false
},
    {
  "sourceNodeId": "Q728432_0_699149818",
  "targetNodeId": "5076749235143334912",
  "duration": 73,
  "isBreakPossible": false
},
    {
  "sourceNodeId": "Q728432_0_699790513",
  "targetNodeId": "5076749235143334912",
  "duration": 62,
  "isBreakPossible": false
},
    {
  "sourceNodeId": "Q728432_0_699791373",
  "targetNodeId": "5076749235143334912",
  "duration": 9,
  "isBreakPossible": false
},
    {
  "sourceNodeId": "Q728432_0_699790217",
  "targetNodeId": "Q728432_0_699790513",
  "duration": 0,
  "isBreakPossible": false
},
    {
  "sourceNodeId": "Q728432_0_699790217",
  "targetNodeId": "Q728432_0_699791889",
  "duration": 14,
  "isBreakPossible": false
},
    {
  "sourceNodeId": "Q728432_0_699149218",
  "targetNodeId": "Q728432_0_699790217",
  "duration": 7,
  "isBreakPossible": false
},
    {
  "sourceNodeId": "Q728432_0_699149218",
  "targetNodeId": "Q728432_0_699790513",
  "duration": 111,
  "isBreakPossible": false
},
    {
  "sourceNodeId": "Q728432_0_699149218",
  "targetNodeId": "Q728432_0_699791889",
  "duration": 127,
  "isBreakPossible": false
},
    {
  "sourceNodeId": "Q728432_0_699791001",
  "targetNodeId": "Q728432_0_699791373",
  "duration": 14,
  "isBreakPossible": false
},
    {
  "sourceNodeId": "Q728432_0_699791889",
  "targetNodeId": "5076749235143334912",
  "duration": 9,
  "isBreakPossible": false
},
    {
  "sourceNodeId": "Q728432_0_699790513",
  "targetNodeId": "Q728432_0_699791889",
  "duration": 0,
  "isBreakPossible": false
}
  ]
}